Energy,Total,Si-s,Si-p,Si-d,C-s,C-p,C-d
-17.724623,0.000000,0.000000,0.000000,0.000000,0.000000,0.000000,0.000000
-17.695623,0.000000,0.000000,0.000000,0.000000,0.000000,0.000000,0.000000
-17.666623,0.000000,0.000000,0.000000,0.000000,0.000000,0.000000,0.000000
-17.638623,0.000000,0.000000,0.000000,0.000000,0.000000,0.000000,0.000000
-17.609623,0.000000,0.000000,0.000000,0.000000,0.000000,0.000000,0.000000
-17.580623,0.000000,0.000000,0.000000,0.000000,0.000000,0.000000,0.000000
-17.552623,0.000000,0.000000,0.000000,0.000000,0.000000,0.000000,0.000000
-17.523623,0.000000,0.000000,0.000000,0.000000,0.000000,0.000000,0.000000
-17.495623,0.000000,0.000000,0.000000,0.000000,0.000000,0.000000,0.000000
-17.466623,0.000000,0.000000,0.000000,0.000000,0.000000,0.000000,0.000000
-17.437623,0.000000,0.000000,0.000000,0.000000,0.000000,0.000000,0.000000
-17.409623,0.000000,0.000000,0.000000,0.000000,0.000000,0.000000,0.000000
-17.380623,0.000000,0.000000,0.000000,0.000000,0.000000,0.000000,0.000000
-17.351623,0.000000,0.000000,0.000000,0.000000,0.000000,0.000000,0.000000
-17.323623,0.000000,0.000000,0.000000,0.000000,0.000000,0.000000,0.000000
-17.294623,0.000000,0.000000,0.000000,0.000000,0.000000,0.000000,0.000000
-17.266623,0.000000,0.000000,0.000000,0.000000,0.000000,0.000000,0.000000
-17.237623,0.000000,0.000000,0.000000,0.000000,0.000000,0.000000,0.000000
-17.208623,0.000000,0.000000,0.000000,0.000000,0.000000,0.000000,0.000000
-17.180623,0.000000,0.000000,0.000000,0.000000,0.000000,0.000000,0.000000
-17.151623,0.000000,0.000000,0.000000,0.000000,0.000000,0.000000,0.000000
-17.122623,0.000000,0.000000,0.000000,0.000000,0.000000,0.000000,0.000000
-17.094623,0.000000,0.000000,0.000000,0.000000,0.000000,0.000000,0.000000
-17.065623,0.000000,0.000000,0.000000,0.000000,0.000000,0.000000,0.000000
-17.036623,0.000000,0.000000,0.000000,0.000000,0.000000,0.000000,0.000000
-17.008623,0.000000,0.000000,0.000000,0.000000,0.000000,0.000000,0.000000
-16.979623,0.000000,0.000000,0.000000,0.000000,0.000000,0.000000,0.000000
-16.951623,0.000000,0.000000,0.000000,0.000000,0.000000,0.000000,0.000000
-16.922623,0.000000,0.000000,0.000000,0.000000,0.000000,0.000000,0.000000
-16.893623,0.000000,0.000000,0.000000,0.000000,0.000000,0.000000,0.000000
-16.865623,0.000000,0.000000,0.000000,0.000000,0.000000,0.000000,0.000000
-16.836623,0.000000,0.000000,0.000000,0.000000,0.000000,0.000000,0.000000
-16.807623,0.000000,0.000000,0.000000,0.000000,0.000000,0.000000,0.000000
-16.779623,0.000000,0.000000,0.000000,0.000000,0.000000,0.000000,0.000000
-16.750623,0.000000,0.000000,0.000000,0.000000,0.000000,0.000000,0.000000
-16.722623,0.000000,0.000000,0.000000,0.000000,0.000000,0.000000,0.000000
-16.693623,0.000000,0.000000,0.000000,0.000000,0.000000,0.000000,0.000000
-16.664623,0.000000,0.000000,0.000000,0.000000,0.000000,0.000000,0.000000
-16.636623,0.000000,0.000000,0.000000,0.000000,0.000000,0.000000,0.000000
-16.607623,0.000000,0.000000,0.000000,0.000000,0.000000,0.000000,0.000000
-16.578623,0.000000,0.000000,0.000000,0.000000,0.000000,0.000000,0.000000
-16.550623,0.000000,0.000000,0.000000,0.000000,0.000000,0.000000,0.000000
-16.521623,0.000000,0.000000,0.000000,0.000000,0.000000,0.000000,0.000000
-16.493623,0.000000,0.000000,0.000000,0.000000,0.000000,0.000000,0.000000
-16.464623,0.000000,0.000000,0.000000,0.000000,0.000000,0.000000,0.000000
-16.435623,0.000000,0.000000,0.000000,0.000000,0.000000,0.000000,0.000000
-16.407623,0.000000,0.000000,0.000000,0.000000,0.000000,0.000000,0.000000
-16.378623,0.000000,0.000000,0.000000,0.000000,0.000000,0.000000,0.000000
-16.349623,0.000000,0.000000,0.000000,0.000000,0.000000,0.000000,0.000000
-16.321623,0.000000,0.000000,0.000000,0.000000,0.000000,0.000000,0.000000
-16.292623,0.000000,0.000000,0.000000,0.000000,0.000000,0.000000,0.000000
-16.263623,0.000000,0.000000,0.000000,0.000000,0.000000,0.000000,0.000000
-16.235623,0.000000,0.000000,0.000000,0.000000,0.000000,0.000000,0.000000
-16.206623,0.000000,0.000000,0.000000,0.000000,0.000000,0.000000,0.000000
-16.178623,0.000000,0.000000,0.000000,0.000000,0.000000,0.000000,0.000000
-16.149623,0.000000,0.000000,0.000000,0.000000,0.000000,0.000000,0.000000
-16.120623,0.000000,0.000000,0.000000,0.000000,0.000000,0.000000,0.000000
-16.092623,0.000000,0.000000,0.000000,0.000000,0.000000,0.000000,0.000000
-16.063623,0.000000,0.000000,0.000000,0.000000,0.000000,0.000000,0.000000
-16.034623,0.000000,0.000000,0.000000,0.000000,0.000000,0.000000,0.000000
-16.006623,0.000000,0.000000,0.000000,0.000000,0.000000,0.000000,0.000000
-15.977623,0.000000,0.000000,0.000000,0.000000,0.000000,0.000000,0.000000
-15.949623,0.000000,0.000000,0.000000,0.000000,0.000000,0.000000,0.000000
-15.920623,0.000000,0.000000,0.000000,0.000000,0.000000,0.000000,0.000000
-15.891623,0.000000,0.000000,0.000000,0.000000,0.000000,0.000000,0.000000
-15.863623,0.000000,0.000000,0.000000,0.000000,0.000000,0.000000,0.000000
-15.834623,0.000000,0.000000,0.000000,0.000000,0.000000,0.000000,0.000000
-15.805623,0.000000,0.000000,0.000000,0.000000,0.000000,0.000000,0.000000
-15.777623,0.000000,0.000000,0.000000,0.000000,0.000000,0.000000,0.000000
-15.748623,0.000000,0.000000,0.000000,0.000000,0.000000,0.000000,0.000000
-15.719623,0.000004,0.000001,0.000000,0.000000,0.000001,0.000000,0.000000
-15.691623,0.000238,0.000057,0.000001,0.000000,0.000060,0.000000,0.000000
-15.662623,0.001313,0.000316,0.000003,0.000000,0.000333,0.000001,0.000000
-15.634623,0.003858,0.000930,0.000009,0.000000,0.000980,0.000003,0.000000
-15.605623,0.008648,0.002082,0.000020,0.000000,0.002197,0.000008,0.000000
-15.576623,0.015506,0.003728,0.000041,0.000000,0.003940,0.000016,0.000000
-15.548623,0.023471,0.005635,0.000069,0.000000,0.005966,0.000027,0.000000
-15.519623,0.032383,0.007760,0.000107,0.000000,0.008236,0.000042,0.000000
-15.490623,0.041525,0.009934,0.000152,0.000000,0.010567,0.000060,0.000000
-15.462623,0.050628,0.012090,0.000203,0.000000,0.012890,0.000080,0.000000
-15.433623,0.060591,0.014443,0.000264,0.000000,0.015434,0.000104,0.000000
-15.405623,0.070946,0.016883,0.000333,0.000000,0.018081,0.000130,0.000000
-15.376623,0.082559,0.019612,0.000415,0.000000,0.021050,0.000163,0.000000
-15.347623,0.095096,0.022551,0.000509,0.000000,0.024258,0.000200,0.000000
-15.319623,0.108119,0.025598,0.000612,0.000000,0.027593,0.000240,0.000000
-15.290623,0.122494,0.028954,0.000732,0.000000,0.031276,0.000286,0.000000
-15.261623,0.137544,0.032458,0.000863,0.000000,0.035134,0.000338,0.000000
-15.233623,0.152461,0.035922,0.001002,0.000000,0.038962,0.000392,0.000000
-15.204623,0.168089,0.039536,0.001158,0.000000,0.042978,0.000453,0.000000
-15.176623,0.183321,0.043043,0.001323,0.000000,0.046897,0.000517,0.000000
-15.147623,0.199367,0.046721,0.001509,0.000000,0.051030,0.000589,0.000000
-15.118623,0.215810,0.050475,0.001711,0.000000,0.055271,0.000667,0.000000
-15.090623,0.232141,0.054191,0.001921,0.000000,0.059488,0.000748,0.000000
-15.061623,0.249538,0.058139,0.002153,0.000000,0.063984,0.000838,0.000000
-15.032623,0.267412,0.062184,0.002399,0.000000,0.068607,0.000933,0.000000
-15.004623,0.285125,0.066183,0.002651,0.000000,0.073193,0.001030,0.000000
-14.975623,0.303937,0.070418,0.002928,0.000000,0.078068,0.001137,0.000000
-14.946623,0.323210,0.074747,0.003219,0.000000,0.083067,0.001249,0.000000
-14.918623,0.342261,0.079014,0.003516,0.000000,0.088011,0.001363,0.000000
-14.889623,0.362466,0.083528,0.003839,0.000000,0.093260,0.001487,0.000000
-14.861623,0.382465,0.087983,0.004168,0.000000,0.098461,0.001614,0.000000
-14.832623,0.403729,0.092707,0.004528,0.000000,0.103997,0.001752,0.000000
-14.803623,0.425557,0.097541,0.004908,0.000000,0.109685,0.001897,0.000000
-14.775623,0.447112,0.102300,0.005295,0.000000,0.115308,0.002045,0.000000
-14.746623,0.469810,0.107292,0.005716,0.000000,0.121238,0.002205,0.000000
-14.717623,0.492769,0.112320,0.006158,0.000000,0.127245,0.002374,0.000000
-14.689623,0.515148,0.117198,0.006604,0.000000,0.133110,0.002543,0.000000
-14.660623,0.538580,0.122285,0.007087,0.000000,0.139260,0.002726,0.000000
-14.632623,0.561497,0.127242,0.007572,0.000000,0.145283,0.002910,0.000000
-14.603623,0.585568,0.132432,0.008094,0.000000,0.151618,0.003107,0.000000
-14.574623,0.609982,0.137679,0.008636,0.000000,0.158052,0.003311,0.000000
-14.546623,0.633880,0.142797,0.009178,0.000000,0.164358,0.003515,0.000000
-14.517623,0.658962,0.148152,0.009760,0.000000,0.170985,0.003734,0.000000
-14.488623,0.684366,0.153557,0.010361,0.000000,0.177705,0.003959,0.000000
-14.460623,0.709197,0.158823,0.010961,0.000000,0.184283,0.004184,0.000000
-14.431623,0.735224,0.164325,0.011603,0.000000,0.191186,0.004423,0.000000
-14.402623,0.761585,0.169875,0.012268,0.000000,0.198189,0.004671,0.000000
-14.374623,0.787394,0.175287,0.012935,0.000000,0.205057,0.004919,0.000000
-14.345623,0.814526,0.180954,0.013651,0.000000,0.212289,0.005185,0.000000
-14.317623,0.841124,0.186489,0.014367,0.000000,0.219388,0.005450,0.000000
-14.288623,0.869085,0.192290,0.015131,0.000000,0.226862,0.005732,0.000000
-14.259623,0.897468,0.198160,0.015920,0.000000,0.234460,0.006023,0.000000
-14.231623,0.925286,0.203893,0.016705,0.000000,0.241916,0.006312,0.000000
-14.202623,0.954532,0.209902,0.017544,0.000000,0.249765,0.006619,0.000000
-14.173623,0.984214,0.215982,0.018407,0.000000,0.257744,0.006935,0.000000
-14.145623,1.013306,0.221922,0.019266,0.000000,0.265574,0.007249,0.000000
-14.116623,1.043872,0.228142,0.020182,0.000000,0.273812,0.007582,0.000000
-14.088623,1.073748,0.234199,0.021091,0.000000,0.281878,0.007913,0.000000
-14.059623,1.104995,0.240508,0.022060,0.000000,0.290330,0.008264,0.000000
-14.030623,1.136489,0.246839,0.023055,0.000000,0.298868,0.008623,0.000000
-14.002623,1.167121,0.252969,0.024042,0.000000,0.307190,0.008978,0.000000
-13.973623,1.199108,0.259342,0.025091,0.000000,0.315896,0.009354,0.000000
-13.944623,1.231385,0.265747,0.026165,0.000000,0.324698,0.009738,0.000000
-13.916623,1.262843,0.271964,0.027229,0.000000,0.333294,0.010117,0.000000
-13.887623,1.295758,0.278439,0.028360,0.000000,0.342304,0.010519,0.000000
-13.859623,1.327860,0.284725,0.029481,0.000000,0.351111,0.010915,0.000000
-13.830623,1.361442,0.291270,0.030673,0.000000,0.360346,0.011335,0.000000
-13.801623,1.395372,0.297849,0.031897,0.000000,0.369695,0.011764,0.000000
-13.773623,1.428454,0.304234,0.033110,0.000000,0.378834,0.012188,0.000000
-13.744623,1.463066,0.310880,0.034399,0.000000,0.388418,0.012636,0.000000
-13.715623,1.498040,0.317563,0.035721,0.000000,0.398122,0.013094,0.000000
-13.687623,1.532158,0.324055,0.037028,0.000000,0.407613,0.013545,0.000000
-13.658623,1.567886,0.330823,0.038414,0.000000,0.417570,0.014021,0.000000
-13.629623,1.604005,0.337635,0.039832,0.000000,0.427658,0.014505,0.000000
-13.601623,1.639257,0.344258,0.041232,0.000000,0.437528,0.014982,0.000000
-13.572623,1.676174,0.351163,0.042716,0.000000,0.447885,0.015485,0.000000
-13.544623,1.712210,0.357876,0.044180,0.000000,0.458016,0.015979,0.000000
-13.515623,1.749939,0.364874,0.045729,0.000000,0.468646,0.016499,0.000000
-13.486623,1.788074,0.371919,0.047311,0.000000,0.479414,0.017028,0.000000
-13.458623,1.825286,0.378767,0.048870,0.000000,0.489944,0.017547,0.000000
-13.429623,1.864233,0.385906,0.050519,0.000000,0.500990,0.018094,0.000000
-13.400623,1.903601,0.393092,0.052202,0.000000,0.512176,0.018649,0.000000
-13.372623,1.942017,0.400076,0.053859,0.000000,0.523114,0.019194,0.000000
-13.343623,1.982225,0.407357,0.055610,0.000000,0.534588,0.019766,0.000000
-13.315623,2.021915,0.414511,0.057357,0.000000,0.545942,0.020335,0.000000
-13.286623,2.064632,0.422169,0.059262,0.000000,0.558200,0.020951,0.000000
-13.257623,2.109133,0.430099,0.061270,0.000000,0.571005,0.021597,0.000000
-13.229623,2.153261,0.437917,0.063287,0.000000,0.583741,0.022242,0.000000
-13.200623,2.199559,0.446072,0.065427,0.000000,0.597146,0.022921,0.000000
-13.171623,2.246336,0.454264,0.067616,0.000000,0.610734,0.023610,0.000000
-13.143623,2.291948,0.462206,0.069775,0.000000,0.624024,0.024285,0.000000
-13.114623,2.339639,0.470464,0.072055,0.000000,0.637961,0.024993,0.000000
-13.085623,2.387750,0.478749,0.074378,0.000000,0.652060,0.025708,0.000000
-13.057623,2.434566,0.486768,0.076660,0.000000,0.665820,0.026406,0.000000
-13.028623,2.483387,0.495086,0.079064,0.000000,0.680217,0.027135,0.000000
-13.000623,2.530721,0.503106,0.081418,0.000000,0.694223,0.027843,0.000000
-12.971623,2.579818,0.511376,0.083884,0.000000,0.708798,0.028578,0.000000
-12.942623,2.629495,0.519689,0.086405,0.000000,0.723588,0.029324,0.000000
-12.914623,2.678761,0.527880,0.088936,0.000000,0.738304,0.030067,0.000000
-12.885623,2.731309,0.536561,0.091664,0.000000,0.754047,0.030862,0.000000
-12.856623,2.784655,0.545322,0.094459,0.000000,0.770072,0.031671,0.000000
-12.828623,2.836217,0.553744,0.097182,0.000000,0.785606,0.032452,0.000000
-12.799623,2.889533,0.562407,0.100019,0.000000,0.801717,0.033258,0.000000
-12.771623,2.940829,0.570699,0.102769,0.000000,0.817266,0.034033,0.000000
-12.742623,2.993667,0.579195,0.105623,0.000000,0.833335,0.034830,0.000000
-12.713623,3.046172,0.587594,0.108481,0.000000,0.849356,0.035620,0.000000
-12.685623,3.096614,0.595615,0.111247,0.000000,0.864800,0.036377,0.000000
-12.656623,3.148654,0.603836,0.114125,0.000000,0.880797,0.037155,0.000000
-12.627623,3.200376,0.611946,0.117011,0.000000,0.896761,0.037925,0.000000
-12.599623,3.249852,0.619645,0.119797,0.000000,0.912103,0.038657,0.000000
-12.570623,3.300544,0.627472,0.122678,0.000000,0.927892,0.039404,0.000000
-12.542623,3.348942,0.634883,0.125455,0.000000,0.943033,0.040114,0.000000
-12.513623,3.398662,0.642433,0.128335,0.000000,0.958658,0.040839,0.000000
-12.484623,3.448354,0.649916,0.131243,0.000000,0.974347,0.041562,0.000000
-12.456623,3.496682,0.657132,0.134097,0.000000,0.989677,0.042261,0.000000
-12.427623,3.547388,0.664635,0.137119,0.000000,1.005836,0.042990,0.000000
-12.398623,3.598994,0.672203,0.140222,0.000000,1.022360,0.043726,0.000000
-12.370623,3.649926,0.679607,0.143310,0.000000,1.038750,0.044445,0.000000
-12.341623,3.704083,0.687412,0.146620,0.000000,1.056261,0.045203,0.000000
-12.312623,3.760242,0.695436,0.150077,0.000000,1.074517,0.045979,0.000000
-12.284623,3.818202,0.703641,0.153667,0.000000,1.093499,0.046759,0.000000
-12.255623,3.883379,0.712778,0.157723,0.000000,1.115017,0.047604,0.000000
-12.227623,3.952007,0.722295,0.162031,0.000000,1.137816,0.048476,0.000000
-12.198623,4.029771,0.732968,0.166968,0.000000,1.163760,0.049460,0.000000
-12.169623,4.113044,0.744295,0.172305,0.000000,1.191627,0.050511,0.000000
-12.141623,4.196316,0.755535,0.177679,0.000000,1.219571,0.051559,0.000000
-12.112623,4.283795,0.767256,0.183360,0.000000,1.249016,0.052655,0.000000
-12.083623,4.372433,0.779041,0.189151,0.000000,1.278962,0.053756,0.000000
-12.055623,4.459527,0.790528,0.194873,0.000000,1.308519,0.054824,0.000000
-12.026623,4.546353,0.801852,0.200634,0.000000,1.338107,0.055882,0.000000
-11.998623,4.621631,0.811490,0.205720,0.000000,1.363873,0.056808,0.000000
-11.969623,4.693464,0.820483,0.210672,0.000000,1.388601,0.057695,0.000000
-11.940623,4.764297,0.829194,0.215630,0.000000,1.413106,0.058569,0.000000
-11.912623,4.833807,0.837627,0.220551,0.000000,1.437241,0.059428,0.000000
-11.883623,4.907119,0.846404,0.225798,0.000000,1.462784,0.060334,0.000000
-11.854623,4.981910,0.855242,0.231205,0.000000,1.488928,0.061258,0.000000
-11.826623,5.055704,0.863854,0.236591,0.000000,1.514800,0.062170,0.000000
-11.797623,5.134047,0.872885,0.242362,0.000000,1.542348,0.063138,0.000000
-11.768623,5.214783,0.882077,0.248361,0.000000,1.570829,0.064132,0.000000
-11.740623,5.295577,0.891161,0.254416,0.000000,1.599432,0.065122,0.000000
-11.711623,5.383476,0.900919,0.261055,0.000000,1.630681,0.066190,0.000000
-11.683623,5.467994,0.910151,0.267496,0.000000,1.660907,0.067195,0.000000
-11.654623,5.545946,0.918457,0.273526,0.000000,1.688974,0.068107,0.000000
-11.625623,5.616967,0.925825,0.279113,0.000000,1.714685,0.068934,0.000000
-11.597623,5.684531,0.932698,0.284489,0.000000,1.739251,0.069715,0.000000
-11.568623,5.752681,0.939494,0.289974,0.000000,1.764130,0.070500,0.000000
-11.539623,5.818888,0.945965,0.295365,0.000000,1.788397,0.071259,0.000000
-11.511623,5.881692,0.951987,0.300532,0.000000,1.811512,0.071973,0.000000
-11.482623,5.946348,0.958065,0.305902,0.000000,1.835416,0.072699,0.000000
-11.454623,6.008690,0.963805,0.311131,0.000000,1.858574,0.073389,0.000000
-11.425623,6.073215,0.969624,0.316596,0.000000,1.882652,0.074093,0.000000
-11.396623,6.137638,0.975314,0.322100,0.000000,1.906793,0.074786,0.000000
-11.368623,6.199644,0.980681,0.327444,0.000000,1.930125,0.075445,0.000000
-11.339623,6.263560,0.986101,0.333001,0.000000,1.954278,0.076116,0.000000
-11.310623,6.330956,0.991636,0.338974,0.000000,1.979805,0.076827,0.000000
-11.282623,6.399808,0.997103,0.345187,0.000000,2.005947,0.077556,0.000000
-11.253623,6.470597,1.002556,0.351641,0.000000,2.032991,0.078285,0.000000
-11.225623,6.539365,1.007671,0.357985,0.000000,2.059430,0.078973,0.000000
-11.196623,6.613779,1.013006,0.364949,0.000000,2.088174,0.079704,0.000000
-11.167623,6.692601,1.018448,0.372430,0.000000,2.118756,0.080468,0.000000
-11.139623,6.777049,1.024025,0.380563,0.000000,2.151714,0.081264,0.000000
-11.110623,6.879970,1.030464,0.390598,0.000000,2.192294,0.082173,0.000000
-11.081623,6.977961,1.036279,0.400254,0.000000,2.231302,0.082979,0.000000
-11.053623,7.058209,1.040748,0.408276,0.000000,2.263520,0.083598,0.000000
-11.024623,7.139931,1.045047,0.416554,0.000000,2.296542,0.084197,0.000000
-10.995623,7.220189,1.049030,0.424786,0.000000,2.329180,0.084756,0.000000
-10.967623,7.295845,1.052558,0.432641,0.000000,2.360140,0.085255,0.000000
-10.938623,7.372883,1.055902,0.440740,0.000000,2.391876,0.085732,0.000000
-10.910623,7.446131,1.058862,0.448530,0.000000,2.422248,0.086155,0.000000
-10.881623,7.519806,1.061644,0.456450,0.000000,2.452969,0.086554,0.000000
-10.852623,7.590986,1.064149,0.464179,0.000000,2.482804,0.086915,0.000000
-10.824623,7.657108,1.066309,0.471430,0.000000,2.510654,0.087226,0.000000
-10.795623,7.722677,1.068287,0.478692,0.000000,2.538409,0.087512,0.000000
-10.766623,7.785868,1.070007,0.485780,0.000000,2.565296,0.087762,0.000000
-10.738623,7.852998,1.071387,0.493564,0.000000,2.594115,0.087961,0.000000
-10.709623,7.916769,1.072467,0.501056,0.000000,2.621690,0.088115,0.000000
-10.681623,7.961401,1.073173,0.506249,0.000000,2.641172,0.088211,0.000000
-10.652623,7.992177,1.073619,0.509817,0.000000,2.654705,0.088270,0.000000
-10.623623,8.006969,1.073857,0.511510,0.000000,2.661209,0.088302,0.000000
-10.595623,8.013165,1.073961,0.512215,0.000000,2.663935,0.088317,0.000000
-10.566623,8.014861,1.073991,0.512406,0.000000,2.664681,0.088321,0.000000
-10.537623,8.014976,1.073993,0.512419,0.000000,2.664732,0.088321,0.000000
-10.509623,8.014976,1.073993,0.512419,0.000000,2.664732,0.088321,0.000000
-10.480623,8.014976,1.073993,0.512419,0.000000,2.664732,0.088321,0.000000
-10.451623,8.014976,1.073993,0.512419,0.000000,2.664732,0.088321,0.000000
-10.423623,8.014976,1.073993,0.512419,0.000000,2.664732,0.088321,0.000000
-10.394623,8.014976,1.073993,0.512419,0.000000,2.664732,0.088321,0.000000
-10.366623,8.014976,1.073993,0.512419,0.000000,2.664732,0.088321,0.000000
-10.337623,8.014976,1.073993,0.512419,0.000000,2.664732,0.088321,0.000000
-10.308623,8.014976,1.073993,0.512419,0.000000,2.664732,0.088321,0.000000
-10.280623,8.014976,1.073993,0.512419,0.000000,2.664732,0.088321,0.000000
-10.251623,8.014976,1.073993,0.512419,0.000000,2.664732,0.088321,0.000000
-10.222623,8.014976,1.073993,0.512419,0.000000,2.664732,0.088321,0.000000
-10.194623,8.014976,1.073993,0.512419,0.000000,2.664732,0.088321,0.000000
-10.165623,8.014976,1.073993,0.512419,0.000000,2.664732,0.088321,0.000000
-10.137623,8.014976,1.073993,0.512419,0.000000,2.664732,0.088321,0.000000
-10.108623,8.014976,1.073993,0.512419,0.000000,2.664732,0.088321,0.000000
-10.079623,8.014976,1.073993,0.512419,0.000000,2.664732,0.088321,0.000000
-10.051623,8.014976,1.073993,0.512419,0.000000,2.664732,0.088321,0.000000
-10.022623,8.014976,1.073993,0.512419,0.000000,2.664732,0.088321,0.000000
-9.993623,8.014976,1.073993,0.512419,0.000000,2.664732,0.088321,0.000000
-9.965623,8.014976,1.073993,0.512419,0.000000,2.664732,0.088321,0.000000
-9.936623,8.014976,1.073993,0.512419,0.000000,2.664732,0.088321,0.000000
-9.908623,8.014976,1.073993,0.512419,0.000000,2.664732,0.088321,0.000000
-9.879623,8.014976,1.073993,0.512419,0.000000,2.664732,0.088321,0.000000
-9.850623,8.014976,1.073993,0.512419,0.000000,2.664732,0.088321,0.000000
-9.822623,8.014976,1.073993,0.512419,0.000000,2.664732,0.088321,0.000000
-9.793623,8.014976,1.073993,0.512419,0.000000,2.664732,0.088321,0.000000
-9.764623,8.014976,1.073993,0.512419,0.000000,2.664732,0.088321,0.000000
-9.736623,8.014976,1.073993,0.512419,0.000000,2.664732,0.088321,0.000000
-9.707623,8.014976,1.073993,0.512419,0.000000,2.664732,0.088321,0.000000
-9.678623,8.014976,1.073993,0.512419,0.000000,2.664732,0.088321,0.000000
-9.650623,8.014976,1.073993,0.512419,0.000000,2.664732,0.088321,0.000000
-9.621623,8.014976,1.073993,0.512419,0.000000,2.664732,0.088321,0.000000
-9.593623,8.014976,1.073993,0.512419,0.000000,2.664732,0.088321,0.000000
-9.564623,8.014976,1.073993,0.512419,0.000000,2.664732,0.088321,0.000000
-9.535623,8.014976,1.073993,0.512419,0.000000,2.664732,0.088321,0.000000
-9.507623,8.014976,1.073993,0.512419,0.000000,2.664732,0.088321,0.000000
-9.478623,8.014976,1.073993,0.512419,0.000000,2.664732,0.088321,0.000000
-9.449623,8.014976,1.073993,0.512419,0.000000,2.664732,0.088321,0.000000
-9.421623,8.014976,1.073993,0.512419,0.000000,2.664732,0.088321,0.000000
-9.392623,8.014976,1.073993,0.512419,0.000000,2.664732,0.088321,0.000000
-9.364623,8.014976,1.073993,0.512419,0.000000,2.664732,0.088321,0.000000
-9.335623,8.014976,1.073993,0.512419,0.000000,2.664732,0.088321,0.000000
-9.306623,8.014976,1.073993,0.512419,0.000000,2.664732,0.088321,0.000000
-9.278623,8.014976,1.073993,0.512419,0.000000,2.664732,0.088321,0.000000
-9.249623,8.014976,1.073993,0.512419,0.000000,2.664732,0.088321,0.000000
-9.220623,8.014976,1.073993,0.512419,0.000000,2.664732,0.088321,0.000000
-9.192623,8.014976,1.073993,0.512419,0.000000,2.664732,0.088321,0.000000
-9.163623,8.014976,1.073993,0.512419,0.000000,2.664732,0.088321,0.000000
-9.134623,8.014976,1.073993,0.512419,0.000000,2.664732,0.088321,0.000000
-9.106623,8.014976,1.073993,0.512419,0.000000,2.664732,0.088321,0.000000
-9.077623,8.014976,1.073993,0.512419,0.000000,2.664732,0.088321,0.000000
-9.049623,8.014976,1.073993,0.512419,0.000000,2.664732,0.088321,0.000000
-9.020623,8.014976,1.073993,0.512419,0.000000,2.664732,0.088321,0.000000
-8.991623,8.014976,1.073993,0.512419,0.000000,2.664732,0.088321,0.000000
-8.963623,8.014976,1.073993,0.512419,0.000000,2.664732,0.088321,0.000000
-8.934623,8.014976,1.073993,0.512419,0.000000,2.664732,0.088321,0.000000
-8.905623,8.014976,1.073993,0.512419,0.000000,2.664732,0.088321,0.000000
-8.877623,8.014989,1.073995,0.512421,0.000000,2.664732,0.088323,0.000000
-8.848623,8.015162,1.074022,0.512441,0.000000,2.664737,0.088351,0.000000
-8.820623,8.015772,1.074118,0.512510,0.000000,2.664753,0.088449,0.000000
-8.791623,8.017189,1.074342,0.512672,0.000000,2.664790,0.088677,0.000000
-8.762623,8.019721,1.074741,0.512961,0.000000,2.664858,0.089084,0.000000
-8.734623,8.023557,1.075347,0.513400,0.000000,2.664960,0.089701,0.000000
-8.705623,8.029677,1.076314,0.514099,0.000000,2.665122,0.090685,0.000000
-8.676623,8.043661,1.078542,0.515690,0.000000,2.665483,0.092939,0.000000
-8.648623,8.064693,1.081907,0.518078,0.000000,2.666027,0.096333,0.000000
-8.619623,8.083981,1.085000,0.520262,0.000000,2.666543,0.099450,0.000000
-8.591623,8.099301,1.087462,0.521992,0.000000,2.666974,0.101932,0.000000
-8.562623,8.115956,1.090141,0.523868,0.000000,2.667459,0.104632,0.000000
-8.533623,8.133550,1.092975,0.525846,0.000000,2.667985,0.107488,0.000000
-8.505623,8.151592,1.095883,0.527871,0.000000,2.668537,0.110420,0.000000
-8.476623,8.171522,1.099100,0.530104,0.000000,2.669159,0.113661,0.000000
-8.447623,8.192849,1.102546,0.532491,0.000000,2.669836,0.117132,0.000000
-8.419623,8.215183,1.106163,0.534985,0.000000,2.670552,0.120771,0.000000
-8.390623,8.241021,1.110366,0.537862,0.000000,2.671383,0.124985,0.000000
-8.361623,8.270693,1.115227,0.541154,0.000000,2.672335,0.129834,0.000000
-8.333623,8.301941,1.120371,0.544608,0.000000,2.673346,0.134946,0.000000
-8.304623,8.335465,1.125910,0.548298,0.000000,2.674450,0.140437,0.000000
-8.276623,8.369457,1.131567,0.552021,0.000000,2.675588,0.146016,0.000000
-8.247623,8.405388,1.137579,0.555939,0.000000,2.676820,0.151924,0.000000
-8.218623,8.440957,1.143547,0.559801,0.000000,2.678080,0.157779,0.000000
-8.190623,8.475537,1.149372,0.563538,0.000000,2.679340,0.163479,0.000000
-8.161623,8.512381,1.155653,0.567474,0.000000,2.680704,0.169566,0.000000
-8.132623,8.551473,1.162571,0.571499,0.000000,2.682140,0.176054,0.000000
-8.104623,8.592983,1.170411,0.575482,0.000000,2.683604,0.183002,0.000000
-8.075623,8.640369,1.179895,0.579722,0.000000,2.685209,0.190995,0.000000
-8.047623,8.688893,1.189827,0.583942,0.000000,2.686852,0.199206,0.000000
-8.018623,8.740383,1.200312,0.588458,0.000000,2.688661,0.207917,0.000000
-7.989623,8.793728,1.211199,0.593128,0.000000,2.690581,0.216947,0.000000
-7.961623,8.848748,1.222595,0.597852,0.000000,2.692574,0.226280,0.000000
-7.932623,8.910431,1.235556,0.603047,0.000000,2.694825,0.236764,0.000000
-7.903623,8.977262,1.249821,0.608560,0.000000,2.697273,0.248149,0.000000
-7.875623,9.046954,1.264952,0.614177,0.000000,2.699825,0.260047,0.000000
-7.846623,9.124616,1.282110,0.620289,0.000000,2.702662,0.273334,0.000000
-7.818623,9.205046,1.300195,0.626470,0.000000,2.705594,0.287123,0.000000
-7.789623,9.295381,1.321046,0.633157,0.000000,2.708847,0.302654,0.000000
-7.760623,9.395982,1.345119,0.640208,0.000000,2.712394,0.320014,0.000000
-7.732623,9.505098,1.372059,0.647480,0.000000,2.716179,0.338902,0.000000
-7.703623,9.630407,1.403694,0.655518,0.000000,2.720497,0.360639,0.000000
-7.674623,9.767069,1.438797,0.664013,0.000000,2.725204,0.384381,0.000000
-7.646623,9.909183,1.475838,0.672599,0.000000,2.730137,0.409102,0.000000
-7.617623,10.066276,1.517280,0.681842,0.000000,2.735681,0.436453,0.000000
-7.588623,10.231315,1.561191,0.691359,0.000000,2.741638,0.465205,0.000000
-7.560623,10.405923,1.608739,0.700971,0.000000,2.747886,0.495690,0.000000
-7.531623,10.604892,1.663885,0.711364,0.000000,2.755275,0.530482,0.000000
-7.503623,10.796328,1.716657,0.721311,0.000000,2.763028,0.563928,0.000000
-7.474623,10.981160,1.766889,0.731161,0.000000,2.771120,0.596174,0.000000
-7.445623,11.148374,1.811515,0.740471,0.000000,2.778862,0.625302,0.000000
-7.417623,11.291916,1.848913,0.748950,0.000000,2.785810,0.650255,0.000000
-7.388623,11.421009,1.881164,0.757156,0.000000,2.792567,0.672622,0.000000
-7.359623,11.526511,1.905612,0.764622,0.000000,2.798738,0.690812,0.000000
-7.331623,11.613465,1.924428,0.771282,0.000000,2.804301,0.705751,0.000000
-7.302623,11.698029,1.942266,0.777904,0.000000,2.809944,0.720277,0.000000
-7.274623,11.775813,1.958332,0.784100,0.000000,2.815316,0.733640,0.000000
-7.245623,11.853142,1.974013,0.790346,0.000000,2.820814,0.746929,0.000000
-7.216623,11.927933,1.988954,0.796451,0.000000,2.826258,0.759786,0.000000
-7.188623,11.998073,2.002790,0.802227,0.000000,2.831465,0.771851,0.000000
-7.159623,12.068644,2.016536,0.808087,0.000000,2.836807,0.783998,0.000000
-7.130623,12.137186,2.029713,0.813826,0.000000,2.842096,0.795804,0.000000
-7.102623,12.201446,2.041908,0.819249,0.000000,2.847147,0.806882,0.000000
-7.073623,12.266043,2.054009,0.824746,0.000000,2.852321,0.818032,0.000000
-7.044623,12.328727,2.065598,0.830122,0.000000,2.857434,0.828864,0.000000
-7.016623,12.387457,2.076312,0.835197,0.000000,2.862310,0.839025,0.000000
-6.987623,12.446472,2.086933,0.840334,0.000000,2.867295,0.849248,0.000000
-6.959623,12.501744,2.096744,0.845181,0.000000,2.872041,0.858836,0.000000
-6.930623,12.557264,2.106464,0.850084,0.000000,2.876883,0.868481,0.000000
-6.901623,12.611059,2.115753,0.854867,0.000000,2.881647,0.877843,0.000000
-6.873623,12.661179,2.124286,0.859359,0.000000,2.886142,0.886581,0.000000
-6.844623,12.711233,2.132691,0.863881,0.000000,2.890678,0.895326,0.000000
-6.815623,12.759808,2.140745,0.868296,0.000000,2.895120,0.903830,0.000000
-6.787623,12.805560,2.148235,0.872479,0.000000,2.899343,0.911860,0.000000
-6.758623,12.851946,2.155731,0.876746,0.000000,2.903660,0.920025,0.000000
-6.730623,12.895948,2.162752,0.880818,0.000000,2.907788,0.927795,0.000000
-6.701623,12.940912,2.169833,0.885004,0.000000,2.912036,0.935759,0.000000
-6.672623,12.985456,2.176758,0.889173,0.000000,2.916270,0.943676,0.000000
-6.644623,13.028240,2.183328,0.893201,0.000000,2.920357,0.951309,0.000000
-6.615623,13.072523,2.190047,0.897390,0.000000,2.924605,0.959236,0.000000
-6.586623,13.116966,2.196716,0.901614,0.000000,2.928880,0.967221,0.000000
-6.558623,13.160212,2.203141,0.905741,0.000000,2.933052,0.975021,0.000000
-6.529623,13.205553,2.209814,0.910080,0.000000,2.937440,0.983230,0.000000
-6.501623,13.249667,2.216229,0.914323,0.000000,2.941719,0.991248,0.000000
-6.472623,13.295023,2.222700,0.918744,0.000000,2.946109,0.999529,0.000000
-6.443623,13.339451,2.228871,0.923163,0.000000,2.950383,1.007679,0.000000
-6.415623,13.381003,2.234440,0.927409,0.000000,2.954334,1.015342,0.000000
-6.386623,13.423068,2.239875,0.931819,0.000000,2.958287,1.023141,0.000000
-6.357623,13.465045,2.245165,0.936287,0.000000,2.962203,1.030962,0.000000
-6.329623,13.505687,2.250200,0.940657,0.000000,2.965975,1.038562,0.000000
-6.300623,13.547897,2.255351,0.945234,0.000000,2.969871,1.046482,0.000000
-6.271623,13.590251,2.260439,0.949870,0.000000,2.973758,1.054457,0.000000
-6.243623,13.631313,2.265290,0.954406,0.000000,2.977501,1.062218,0.000000
-6.214623,13.674088,2.270253,0.959177,0.000000,2.981368,1.070334,0.000000
-6.186623,13.715570,2.274979,0.963850,0.000000,2.985087,1.078237,0.000000
-6.157623,13.758519,2.279784,0.968734,0.000000,2.988907,1.086452,0.000000
-6.128623,13.801338,2.284491,0.973645,0.000000,2.992688,1.094673,0.000000
-6.100623,13.842512,2.288941,0.978407,0.000000,2.996296,1.102611,0.000000
-6.071623,13.884939,2.293451,0.983354,0.000000,2.999987,1.110825,0.000000
-6.042623,13.927119,2.297863,0.988309,0.000000,3.003630,1.119024,0.000000
-6.014623,13.967579,2.302027,0.993095,0.000000,3.007097,1.126919,0.000000
-5.985623,14.009383,2.306259,0.998078,0.000000,3.010647,1.135111,0.000000
-5.957623,14.050053,2.310302,1.002970,0.000000,3.014059,1.143119,0.000000
-5.928623,14.092741,2.314465,1.008154,0.000000,3.017588,1.151561,0.000000
-5.899623,14.136009,2.318604,1.013456,0.000000,3.021112,1.160156,0.000000
-5.871623,14.178555,2.322590,1.018720,0.000000,3.024519,1.168645,0.000000
-5.842623,14.223954,2.326743,1.024401,0.000000,3.028078,1.177751,0.000000
-5.813623,14.271340,2.330961,1.030411,0.000000,3.031700,1.187311,0.000000
-5.785623,14.319710,2.335144,1.036633,0.000000,3.035291,1.197130,0.000000
-5.756623,14.373592,2.339678,1.043656,0.000000,3.039167,1.208146,0.000000
-5.727623,14.432187,2.344475,1.051393,0.000000,3.043236,1.220216,0.000000
-5.699623,14.495089,2.349382,1.059873,0.000000,3.047353,1.233306,0.000000
-5.670623,14.569271,2.354804,1.070132,0.000000,3.051832,1.248927,0.000000
-5.642623,14.649351,2.360379,1.081402,0.000000,3.056363,1.265954,0.000000
-5.613623,14.735510,2.366270,1.093600,0.000000,3.061098,1.284385,0.000000
-5.584623,14.820813,2.372083,1.105686,0.000000,3.065732,1.302720,0.000000
-5.556623,14.903301,2.377673,1.117394,0.000000,3.070149,1.320534,0.000000
-5.527623,14.989968,2.383495,1.129732,0.000000,3.074703,1.339340,0.000000
-5.498623,15.077272,2.389285,1.142224,0.000000,3.079178,1.358377,0.000000
-5.470623,15.160264,2.394688,1.154186,0.000000,3.083287,1.376564,0.000000
-5.441623,15.244857,2.400082,1.166484,0.000000,3.087313,1.395205,0.000000
-5.413623,15.325021,2.405083,1.178247,0.000000,3.090963,1.412969,0.000000
-5.384623,15.404887,2.409930,1.190117,0.000000,3.094386,1.430774,0.000000
-5.355623,15.472356,2.413907,1.200247,0.000000,3.097188,1.445898,0.000000
-5.327623,15.526578,2.416987,1.208476,0.000000,3.099397,1.458120,0.000000
-5.298623,15.579967,2.419915,1.216688,0.000000,3.101480,1.470220,0.000000
-5.269623,15.629426,2.422524,1.224401,0.000000,3.103322,1.481506,0.000000
-5.241623,15.673778,2.424774,1.231417,0.000000,3.104863,1.491710,0.000000
-5.212623,15.717438,2.426934,1.238402,0.000000,3.106275,1.501828,0.000000
-5.184623,15.759032,2.428976,1.245109,0.000000,3.107545,1.511527,0.000000
-5.155623,15.802894,2.431132,1.252221,0.000000,3.108820,1.521815,0.000000
-5.126623,15.848801,2.433413,1.259675,0.000000,3.110115,1.532636,0.000000
-5.098623,15.895533,2.435779,1.267252,0.000000,3.111420,1.543703,0.000000
-5.069623,15.946211,2.438399,1.275441,0.000000,3.112833,1.555756,0.000000
-5.040623,16.000426,2.441271,1.284155,0.000000,3.114367,1.568693,0.000000
-5.012623,16.060192,2.444559,1.293651,0.000000,3.116149,1.582969,0.000000
-4.983623,16.133649,2.448780,1.305145,0.000000,3.118524,1.600513,0.000000
-4.954623,16.218300,2.453787,1.318250,0.000000,3.121410,1.620743,0.000000
-4.926623,16.306122,2.459022,1.331826,0.000000,3.124412,1.641778,0.000000
-4.897623,16.396791,2.464368,1.345940,0.000000,3.127367,1.663592,0.000000
-4.869623,16.482443,2.469340,1.359380,0.000000,3.130026,1.684291,0.000000
-4.840623,16.570864,2.474422,1.373312,0.000000,3.132729,1.705725,0.000000
-4.811623,16.659183,2.479451,1.387276,0.000000,3.135397,1.727195,0.000000
-4.783623,16.744401,2.484261,1.400790,0.000000,3.137948,1.747966,0.000000
-4.754623,16.832648,2.489198,1.414822,0.000000,3.140571,1.769530,0.000000
-4.725623,16.920910,2.494095,1.428893,0.000000,3.143183,1.791153,0.000000
-4.697623,17.006184,2.498789,1.442517,0.000000,3.145701,1.812098,0.000000
-4.668623,17.094590,2.503620,1.456670,0.000000,3.148312,1.833866,0.000000
-4.640623,17.180200,2.508266,1.470396,0.000000,3.150849,1.854997,0.000000
-4.611623,17.269665,2.513091,1.484752,0.000000,3.153523,1.877134,0.000000
-4.582623,17.360493,2.517957,1.499337,0.000000,3.156265,1.899667,0.000000
-4.554623,17.449869,2.522709,1.513701,0.000000,3.158989,1.921897,0.000000
-4.525623,17.544467,2.527695,1.528919,0.000000,3.161894,1.945488,0.000000
-4.496623,17.641342,2.532754,1.544528,0.000000,3.164887,1.969714,0.000000
-4.468623,17.737354,2.537718,1.560025,0.000000,3.167865,1.993790,0.000000
-4.439623,17.839593,2.542946,1.576563,0.000000,3.171048,2.019507,0.000000
-4.410623,17.945052,2.548269,1.593668,0.000000,3.174335,2.046120,0.000000
-4.382623,18.050458,2.553513,1.610815,0.000000,3.177611,2.072802,0.000000
-4.353623,18.160948,2.558903,1.628873,0.000000,3.181005,2.100896,0.000000
-4.325623,18.266242,2.563927,1.646185,0.000000,3.184170,2.127812,0.000000
-4.296623,18.374107,2.568966,1.664031,0.000000,3.187322,2.155521,0.000000
-4.267623,18.481204,2.573849,1.681878,0.000000,3.190349,2.183160,0.000000
-4.239623,18.583656,2.578410,1.699070,0.000000,3.193145,2.209719,0.000000
-4.210623,18.688477,2.582968,1.716780,0.000000,3.195899,2.237016,0.000000
-4.181623,18.792021,2.587367,1.734393,0.000000,3.198509,2.264103,0.000000
-4.153623,18.891365,2.591497,1.751386,0.000000,3.200931,2.290207,0.000000
-4.124623,18.993576,2.595685,1.768914,0.000000,3.203395,2.317178,0.000000
-4.096623,19.090428,2.599627,1.785516,0.000000,3.205739,2.342839,0.000000
-4.067623,19.187679,2.603580,1.802162,0.000000,3.208104,2.368713,0.000000
-4.038623,19.280987,2.607384,1.818095,0.000000,3.210381,2.393648,0.000000
-4.010623,19.367003,2.610922,1.832720,0.000000,3.212507,2.416738,0.000000
-3.981623,19.452669,2.614506,1.847178,0.000000,3.214690,2.439832,0.000000
-3.952623,19.536551,2.618070,1.861230,0.000000,3.216887,2.462539,0.000000
-3.924623,19.616925,2.621509,1.874635,0.000000,3.219008,2.484398,0.000000
-3.895623,19.699967,2.625071,1.888447,0.000000,3.221187,2.507095,0.000000
-3.867623,19.781489,2.628526,1.902032,0.000000,3.223278,2.529502,0.000000
-3.838623,19.873796,2.632179,1.917738,0.000000,3.225439,2.555140,0.000000
-3.809623,19.971613,2.635897,1.934557,0.000000,3.227585,2.582537,0.000000
-3.781623,20.063719,2.639492,1.950211,0.000000,3.229637,2.608397,0.000000
-3.752623,20.159607,2.643275,1.966392,0.000000,3.231790,2.635365,0.000000
-3.723623,20.259338,2.647173,1.983204,0.000000,3.234031,2.663490,0.000000
-3.695623,20.361636,2.651062,2.000503,0.000000,3.236317,2.692462,0.000000
-3.666623,20.476201,2.655219,2.020035,0.000000,3.238827,2.725086,0.000000
-3.637623,20.599480,2.659482,2.041231,0.000000,3.241466,2.760383,0.000000
-3.609623,20.727020,2.663678,2.063354,0.000000,3.244123,2.797099,0.000000
-3.580623,20.868018,2.668084,2.088032,0.000000,3.246977,2.837912,0.000000
-3.552623,21.013296,2.672377,2.113700,0.000000,3.249815,2.880191,0.000000
-3.523623,21.170534,2.676761,2.141726,0.000000,3.252775,2.926195,0.000000
-3.494623,21.326177,2.680920,2.169589,0.000000,3.255646,2.971965,0.000000
-3.466623,21.471721,2.684728,2.195658,0.000000,3.258313,3.014968,0.000000
-3.437623,21.618243,2.688545,2.221848,0.000000,3.260981,3.058410,0.000000
-3.408623,21.759749,2.692260,2.247027,0.000000,3.263553,3.100460,0.000000
-3.380623,21.893939,2.695764,2.270842,0.000000,3.265967,3.140453,0.000000
-3.351623,22.031660,2.699331,2.295224,0.000000,3.268421,3.181617,0.000000
-3.323623,22.162168,2.702731,2.318215,0.000000,3.270751,3.220709,0.000000
-3.294623,22.294857,2.706197,2.341496,0.000000,3.273118,3.260558,0.000000
-3.265623,22.425966,2.709586,2.364465,0.000000,3.275435,3.300068,0.000000
-3.237623,22.551252,2.712762,2.386423,0.000000,3.277618,3.337989,0.000000
-3.208623,22.679331,2.715936,2.408893,0.000000,3.279803,3.376957,0.000000
-3.179623,22.807380,2.719016,2.431416,0.000000,3.281884,3.416183,0.000000
-3.151623,22.934738,2.721949,2.453943,0.000000,3.283798,3.455529,0.000000
-3.122623,23.061323,2.724815,2.476331,0.000000,3.285598,3.494908,0.000000
-3.093623,23.176700,2.727433,2.496665,0.000000,3.287173,3.530980,0.000000
-3.065623,23.283198,2.729828,2.515435,0.000000,3.288561,3.564400,0.000000
-3.036623,23.389526,2.732202,2.534158,0.000000,3.289897,3.597880,0.000000
-3.008623,23.489024,2.734406,2.551658,0.000000,3.291108,3.629319,0.000000
-2.979623,23.589828,2.736614,2.569365,0.000000,3.292305,3.661293,0.000000
-2.950623,23.689139,2.738754,2.586795,0.000000,3.293445,3.692934,0.000000
-2.922623,23.785851,2.740780,2.603756,0.000000,3.294533,3.723907,0.000000
-2.893623,23.890845,2.742895,2.622133,0.000000,3.295748,3.757706,0.000000
-2.864623,24.002495,2.745049,2.641642,0.000000,3.297087,3.793810,0.000000
-2.836623,24.116413,2.747161,2.661530,0.000000,3.298475,3.830798,0.000000
-2.807623,24.239982,2.749371,2.683083,0.000000,3.299983,3.871072,0.000000
-2.779623,24.367732,2.751597,2.705263,0.000000,3.301600,3.912857,0.000000
-2.750623,24.510224,2.754046,2.729848,0.000000,3.303483,3.959622,0.000000
-2.721623,24.658428,2.756577,2.755304,0.000000,3.305456,4.008429,0.000000
-2.693623,24.804070,2.759054,2.780221,0.000000,3.307390,4.056557,0.000000
-2.664623,24.956320,2.761635,2.806174,0.000000,3.309403,4.107053,0.000000
-2.635623,25.108701,2.764206,2.832065,0.000000,3.311394,4.157777,0.000000
-2.607623,25.253111,2.766640,2.856518,0.000000,3.313265,4.206009,0.000000
-2.578623,25.396806,2.769062,2.880767,0.000000,3.315120,4.254162,0.000000
-2.550623,25.529400,2.771282,2.903084,0.000000,3.316815,4.298749,0.000000
-2.521623,25.660857,2.773459,2.925168,0.000000,3.318468,4.343113,0.000000
-2.492623,25.786862,2.775518,2.946294,0.000000,3.320025,4.385805,0.000000
-2.464623,25.903734,2.777401,2.965845,0.000000,3.321440,4.425567,0.000000
-2.435623,26.020299,2.779252,2.985297,0.000000,3.322821,4.465401,0.000000
-2.406623,26.132848,2.781010,3.004034,0.000000,3.324122,4.504044,0.000000
-2.378623,26.238100,2.782624,3.021512,0.000000,3.325305,4.540353,0.000000
-2.349623,26.344501,2.784215,3.039144,0.000000,3.326458,4.577242,0.000000
-2.320623,26.449815,2.785738,3.056568,0.000000,3.327549,4.613955,0.000000
-2.292623,26.552197,2.787158,3.073483,0.000000,3.328557,4.649853,0.000000
-2.263623,26.660657,2.788593,3.091380,0.000000,3.329569,4.688100,0.000000
-2.235623,26.768947,2.789953,3.109228,0.000000,3.330523,4.726506,0.000000
-2.206623,26.883395,2.791324,3.128035,0.000000,3.331486,4.767340,0.000000
-2.177623,26.997815,2.792649,3.146732,0.000000,3.332422,4.808420,0.000000
-2.149623,27.110179,2.793903,3.165002,0.000000,3.333310,4.848982,0.000000
-2.120623,27.231080,2.795194,3.184592,0.000000,3.334226,4.892834,0.000000
-2.091623,27.356925,2.796481,3.204902,0.000000,3.335141,4.938693,0.000000
-2.063623,27.481343,2.797711,3.224894,0.000000,3.336017,4.984243,0.000000
-2.034623,27.611437,2.798961,3.245686,0.000000,3.336914,5.032110,0.000000
-2.006623,27.733573,2.800101,3.265055,0.000000,3.337738,5.077260,0.000000
-1.977623,27.856171,2.801218,3.284341,0.000000,3.338549,5.122766,0.000000
-1.948623,27.979334,2.802325,3.303606,0.000000,3.339353,5.168638,0.000000
-1.920623,28.098390,2.803378,3.322129,0.000000,3.340121,5.213123,0.000000
-1.891623,28.221828,2.804447,3.341238,0.000000,3.340906,5.259395,0.000000
-1.862623,28.347587,2.805507,3.360626,0.000000,3.341689,5.306731,0.000000
-1.834623,28.472999,2.806532,3.379896,0.000000,3.342450,5.354150,0.000000
-1.805623,28.603078,2.807567,3.399787,0.000000,3.343227,5.403531,0.000000
-1.776623,28.726357,2.808525,3.418489,0.000000,3.343959,5.450507,0.000000
-1.748623,28.839449,2.809382,3.435499,0.000000,3.344627,5.493777,0.000000
-1.719623,28.954971,2.810235,3.452767,0.000000,3.345301,5.538174,0.000000
-1.691623,29.065599,2.811028,3.469204,0.000000,3.345936,5.580897,0.000000
-1.662623,29.180439,2.811829,3.486167,0.000000,3.346581,5.625456,0.000000
-1.633623,29.297425,2.812621,3.503354,0.000000,3.347224,5.671055,0.000000
-1.605623,29.420065,2.813384,3.521347,0.000000,3.347846,5.719160,0.000000
-1.576623,29.566979,2.814176,3.542968,0.000000,3.348493,5.777219,0.000000
-1.547623,29.741196,2.814976,3.568714,0.000000,3.349148,5.846537,0.000000
-1.519623,29.917596,2.815721,3.594703,0.000000,3.349763,5.917044,0.000000
-1.490623,30.067352,2.816379,3.616403,0.000000,3.350324,5.977053,0.000000
-1.462623,30.173304,2.816896,3.631333,0.000000,3.350784,6.019602,0.000000
-1.433623,30.264756,2.817380,3.643939,0.000000,3.351224,6.056412,0.000000
-1.404623,30.349610,2.817843,3.655488,0.000000,3.351649,6.090629,0.000000
-1.376623,30.426918,2.818274,3.665882,0.000000,3.352048,6.121879,0.000000
-1.347623,30.503898,2.818706,3.676111,0.000000,3.352452,6.153089,0.000000
-1.318623,30.578805,2.819125,3.685948,0.000000,3.352848,6.183560,0.000000
-1.290623,30.649407,2.819517,3.695105,0.000000,3.353223,6.212385,0.000000
-1.261623,30.720921,2.819911,3.704266,0.000000,3.353604,6.241694,0.000000
-1.233623,30.789605,2.820287,3.712952,0.000000,3.353971,6.269966,0.000000
-1.204623,30.863425,2.820694,3.722163,0.000000,3.354367,6.300512,0.000000
-1.175623,30.938825,2.821113,3.731443,0.000000,3.354774,6.331860,0.000000
-1.147623,31.007579,2.821494,3.739756,0.000000,3.355151,6.360555,0.000000
-1.118623,31.074308,2.821859,3.747673,0.000000,3.355518,6.388523,0.000000
-1.089623,31.138731,2.822203,3.755198,0.000000,3.355870,6.415648,0.000000
-1.061623,31.198301,2.822516,3.762046,0.000000,3.356194,6.440844,0.000000
-1.032623,31.258360,2.822817,3.768835,0.000000,3.356514,6.466378,0.000000
-1.003623,31.318550,2.823098,3.775534,0.000000,3.356820,6.492121,0.000000
-0.975623,31.375740,2.823348,3.781797,0.000000,3.357098,6.516716,0.000000
-0.946623,31.428476,2.823574,3.787437,0.000000,3.357355,6.539479,0.000000
-0.918623,31.473332,2.823765,3.792125,0.000000,3.357574,6.558895,0.000000
-0.889623,31.517731,2.823945,3.796709,0.000000,3.357784,6.578162,0.000000
-0.860623,31.560216,2.824110,3.801040,0.000000,3.357978,6.596656,0.000000
-0.832623,31.599584,2.824253,3.804997,0.000000,3.358151,6.613850,0.000000
-0.803623,31.639271,2.824387,3.808913,0.000000,3.358315,6.631251,0.000000
-0.774623,31.683887,2.824526,3.813179,0.000000,3.358490,6.650941,0.000000
-0.746623,31.734007,2.824674,3.817817,0.000000,3.358682,6.673197,0.000000
-0.717623,31.784844,2.824810,3.822376,0.000000,3.358866,6.695895,0.000000
-0.689623,31.826872,2.824910,3.826030,0.000000,3.359006,6.714752,0.000000
-0.660623,31.862731,2.824985,3.829066,0.000000,3.359113,6.730909,0.000000
-0.631623,31.891540,2.825037,3.831435,0.000000,3.359190,6.743951,0.000000
-0.603623,31.914376,2.825070,3.833241,0.000000,3.359241,6.754353,0.000000
-0.574623,31.935243,2.825092,3.834832,0.000000,3.359277,6.763906,0.000000
-0.545623,31.953363,2.825106,3.836182,0.000000,3.359301,6.772229,0.000000
-0.517623,31.967410,2.825115,3.837209,0.000000,3.359316,6.778698,0.000000
-0.488623,31.977504,2.825119,3.837935,0.000000,3.359323,6.783357,0.000000
-0.459623,31.982257,2.825121,3.838272,0.000000,3.359326,6.785554,0.000000
-0.431623,31.983155,2.825121,3.838335,0.000000,3.359326,6.785970,0.000000
-0.402623,31.983155,2.825121,3.838335,0.000000,3.359326,6.785970,0.000000
-0.374623,31.983155,2.825121,3.838335,0.000000,3.359326,6.785970,0.000000
-0.345623,31.983155,2.825121,3.838335,0.000000,3.359326,6.785970,0.000000
-0.316623,31.983155,2.825121,3.838335,0.000000,3.359326,6.785970,0.000000
-0.288623,31.983155,2.825121,3.838335,0.000000,3.359326,6.785970,0.000000
-0.259623,31.983155,2.825121,3.838335,0.000000,3.359326,6.785970,0.000000
-0.230623,31.983155,2.825121,3.838335,0.000000,3.359326,6.785970,0.000000
-0.202623,31.983155,2.825121,3.838335,0.000000,3.359326,6.785970,0.000000
-0.173623,31.983155,2.825121,3.838335,0.000000,3.359326,6.785970,0.000000
-0.145623,31.983155,2.825121,3.838335,0.000000,3.359326,6.785970,0.000000
-0.116623,31.983155,2.825121,3.838335,0.000000,3.359326,6.785970,0.000000
-0.087623,31.983155,2.825121,3.838335,0.000000,3.359326,6.785970,0.000000
-0.059623,31.983155,2.825121,3.838335,0.000000,3.359326,6.785970,0.000000
-0.030623,31.983155,2.825121,3.838335,0.000000,3.359326,6.785970,0.000000
-0.001623,31.983155,2.825121,3.838335,0.000000,3.359326,6.785970,0.000000
0.026377,31.983155,2.825121,3.838335,0.000000,3.359326,6.785970,0.000000
0.055377,31.983155,2.825121,3.838335,0.000000,3.359326,6.785970,0.000000
0.083377,31.983155,2.825121,3.838335,0.000000,3.359326,6.785970,0.000000
0.112377,31.983155,2.825121,3.838335,0.000000,3.359326,6.785970,0.000000
0.141377,31.983155,2.825121,3.838335,0.000000,3.359326,6.785970,0.000000
0.169377,31.983155,2.825121,3.838335,0.000000,3.359326,6.785970,0.000000
0.198377,31.983155,2.825121,3.838335,0.000000,3.359326,6.785970,0.000000
0.227377,31.983155,2.825121,3.838335,0.000000,3.359326,6.785970,0.000000
0.255377,31.983155,2.825121,3.838335,0.000000,3.359326,6.785970,0.000000
0.284377,31.983155,2.825121,3.838335,0.000000,3.359326,6.785970,0.000000
0.313377,31.983155,2.825121,3.838335,0.000000,3.359326,6.785970,0.000000
0.341377,31.983155,2.825121,3.838335,0.000000,3.359326,6.785970,0.000000
0.370377,31.983155,2.825121,3.838335,0.000000,3.359326,6.785970,0.000000
0.398377,31.983155,2.825121,3.838335,0.000000,3.359326,6.785970,0.000000
0.427377,31.983155,2.825121,3.838335,0.000000,3.359326,6.785970,0.000000
0.456377,31.983155,2.825121,3.838335,0.000000,3.359326,6.785970,0.000000
0.484377,31.983155,2.825121,3.838335,0.000000,3.359326,6.785970,0.000000
0.513377,31.983155,2.825121,3.838335,0.000000,3.359326,6.785970,0.000000
0.542377,31.983155,2.825121,3.838335,0.000000,3.359326,6.785970,0.000000
0.570377,31.983155,2.825121,3.838335,0.000000,3.359326,6.785970,0.000000
0.599377,31.983155,2.825121,3.838335,0.000000,3.359326,6.785970,0.000000
0.627377,31.983155,2.825121,3.838335,0.000000,3.359326,6.785970,0.000000
0.656377,31.983155,2.825121,3.838335,0.000000,3.359326,6.785970,0.000000
0.685377,31.983155,2.825121,3.838335,0.000000,3.359326,6.785970,0.000000
0.713377,31.983155,2.825121,3.838335,0.000000,3.359326,6.785970,0.000000
0.742377,31.983155,2.825121,3.838335,0.000000,3.359326,6.785970,0.000000
0.771377,31.983155,2.825121,3.838335,0.000000,3.359326,6.785970,0.000000
0.799377,31.983155,2.825121,3.838335,0.000000,3.359326,6.785970,0.000000
0.828377,31.983155,2.825121,3.838335,0.000000,3.359326,6.785970,0.000000
0.857377,31.983155,2.825121,3.838335,0.000000,3.359326,6.785970,0.000000
0.885377,31.983155,2.825121,3.838335,0.000000,3.359326,6.785970,0.000000
0.914377,31.983155,2.825121,3.838335,0.000000,3.359326,6.785970,0.000000
0.942377,31.983156,2.825121,3.838335,0.000000,3.359326,6.785970,0.000000
0.971377,31.983187,2.825121,3.838338,0.000000,3.359329,6.785971,0.000000
1.000377,31.983316,2.825122,3.838351,0.000000,3.359340,6.785973,0.000000
1.028377,31.983614,2.825123,3.838381,0.000000,3.359365,6.785977,0.000000
1.057377,31.984184,2.825125,3.838439,0.000000,3.359412,6.785986,0.000000
1.086377,31.985098,2.825128,3.838531,0.000000,3.359489,6.786000,0.000000
1.114377,31.986389,2.825133,3.838662,0.000000,3.359597,6.786021,0.000000
1.143377,31.988100,2.825140,3.838834,0.000000,3.359740,6.786049,0.000000
1.171377,31.990021,2.825147,3.839028,0.000000,3.359899,6.786084,0.000000
1.200377,31.992301,2.825157,3.839257,0.000000,3.360087,6.786128,0.000000
1.229377,31.994901,2.825169,3.839518,0.000000,3.360300,6.786182,0.000000
1.257377,31.997747,2.825183,3.839803,0.000000,3.360532,6.786244,0.000000
1.286377,32.001070,2.825199,3.840137,0.000000,3.360801,6.786319,0.000000
1.315377,32.004798,2.825219,3.840511,0.000000,3.361103,6.786406,0.000000
1.343377,32.008816,2.825240,3.840914,0.000000,3.361427,6.786503,0.000000
1.372377,32.013437,2.825266,3.841378,0.000000,3.361799,6.786616,0.000000
1.400377,32.018371,2.825294,3.841873,0.000000,3.362194,6.786739,0.000000
1.429377,32.024000,2.825326,3.842438,0.000000,3.362645,6.786882,0.000000
1.458377,32.030648,2.825366,3.843104,0.000000,3.363173,6.787062,0.000000
1.486377,32.038474,2.825414,3.843883,0.000000,3.363790,6.787294,0.000000
1.515377,32.047822,2.825475,3.844811,0.000000,3.364521,6.787587,0.000000
1.544377,32.058079,2.825547,3.845825,0.000000,3.365317,6.787923,0.000000
1.572377,32.068537,2.825628,3.846856,0.000000,3.366121,6.788276,0.000000
1.601377,32.079610,2.825724,3.847946,0.000000,3.366966,6.788661,0.000000
1.630377,32.090805,2.825830,3.849046,0.000000,3.367811,6.789061,0.000000
1.658377,32.101777,2.825941,3.850125,0.000000,3.368631,6.789468,0.000000
1.687377,32.113225,2.826065,3.851253,0.000000,3.369476,6.789908,0.000000
1.715377,32.124290,2.826191,3.852348,0.000000,3.370285,6.790348,0.000000
1.744377,32.135824,2.826328,3.853494,0.000000,3.371118,6.790822,0.000000
1.773377,32.147528,2.826474,3.854659,0.000000,3.371955,6.791316,0.000000
1.801377,32.159089,2.826625,3.855812,0.000000,3.372775,6.791815,0.000000
1.830377,32.171430,2.826793,3.857043,0.000000,3.373642,6.792358,0.000000
1.859377,32.184213,2.826974,3.858320,0.000000,3.374535,6.792929,0.000000
1.887377,32.197009,2.827162,3.859598,0.000000,3.375422,6.793508,0.000000
1.916377,32.210732,2.827370,3.860968,0.000000,3.376368,6.794138,0.000000
1.944377,32.224435,2.827586,3.862337,0.000000,3.377306,6.794774,0.000000
1.973377,32.239098,2.827823,3.863801,0.000000,3.378303,6.795462,0.000000
2.002377,32.254230,2.828076,3.865313,0.000000,3.379327,6.796182,0.000000
2.030377,32.269295,2.828335,3.866818,0.000000,3.380339,6.796906,0.000000
2.059377,32.285370,2.828619,3.868424,0.000000,3.381414,6.797686,0.000000
2.088377,32.301916,2.828918,3.870076,0.000000,3.382513,6.798499,0.000000
2.116377,32.318325,2.829224,3.871715,0.000000,3.383596,6.799313,0.000000
2.145377,32.335725,2.829560,3.873450,0.000000,3.384737,6.800187,0.000000
2.173377,32.352903,2.829905,3.875161,0.000000,3.385854,6.801060,0.000000
2.202377,32.371102,2.830283,3.876970,0.000000,3.387028,6.801996,0.000000
2.231377,32.389725,2.830683,3.878817,0.000000,3.388221,6.802965,0.000000
2.259377,32.408130,2.831090,3.880640,0.000000,3.389391,6.803933,0.000000
2.288377,32.427649,2.831534,3.882569,0.000000,3.390623,6.804973,0.000000
2.317377,32.447639,2.832001,3.884541,0.000000,3.391877,6.806049,0.000000
2.345377,32.467408,2.832474,3.886487,0.000000,3.393108,6.807124,0.000000
2.374377,32.488375,2.832986,3.888548,0.000000,3.394406,6.808276,0.000000
2.403377,32.509838,2.833520,3.890654,0.000000,3.395727,6.809467,0.000000
2.431377,32.531042,2.834056,3.892733,0.000000,3.397025,6.810655,0.000000
2.460377,32.553504,2.834634,3.894931,0.000000,3.398392,6.811924,0.000000
2.488377,32.575677,2.835214,3.897099,0.000000,3.399734,6.813188,0.000000
2.517377,32.599120,2.835836,3.899388,0.000000,3.401144,6.814541,0.000000
2.546377,32.623000,2.836483,3.901713,0.000000,3.402566,6.815945,0.000000
2.574377,32.646478,2.837131,3.903993,0.000000,3.403948,6.817355,0.000000
2.603377,32.671254,2.837828,3.906394,0.000000,3.405390,6.818875,0.000000
2.632377,32.696511,2.838549,3.908836,0.000000,3.406844,6.820456,0.000000
2.660377,32.721423,2.839273,3.911240,0.000000,3.408261,6.822049,0.000000
2.689377,32.747914,2.840054,3.913790,0.000000,3.409748,6.823783,0.000000
2.717377,32.774255,2.840841,3.916318,0.000000,3.411206,6.825553,0.000000
2.746377,32.802342,2.841688,3.919004,0.000000,3.412738,6.827493,0.000000
2.775377,32.831161,2.842566,3.921750,0.000000,3.414288,6.829532,0.000000
2.803377,32.859511,2.843443,3.924446,0.000000,3.415796,6.831570,0.000000
2.832377,32.889323,2.844382,3.927273,0.000000,3.417365,6.833738,0.000000
2.861377,32.919584,2.845352,3.930135,0.000000,3.418942,6.835963,0.000000
2.889377,32.949222,2.846319,3.932931,0.000000,3.420470,6.838168,0.000000
2.918377,32.980354,2.847351,3.935862,0.000000,3.422059,6.840511,0.000000
2.947377,33.011906,2.848415,3.938825,0.000000,3.423652,6.842912,0.000000
2.975377,33.042776,2.849473,3.941717,0.000000,3.425194,6.845287,0.000000
3.004377,33.075169,2.850599,3.944746,0.000000,3.426795,6.847807,0.000000
3.032377,33.106851,2.851717,3.947703,0.000000,3.428344,6.850297,0.000000
3.061377,33.140099,2.852905,3.950801,0.000000,3.429953,6.852937,0.000000
3.090377,33.173783,2.854124,3.953933,0.000000,3.431565,6.855637,0.000000
3.118377,33.206641,2.855327,3.956985,0.000000,3.433122,6.858300,0.000000
3.147377,33.240933,2.856595,3.960170,0.000000,3.434730,6.861111,0.000000
3.176377,33.275545,2.857886,3.963384,0.000000,3.436335,6.863979,0.000000
3.204377,33.309397,2.859159,3.966527,0.000000,3.437889,6.866811,0.000000
3.233377,33.345009,2.860507,3.969834,0.000000,3.439508,6.869816,0.000000
3.261377,33.379995,2.861841,3.973084,0.000000,3.441083,6.872792,0.000000
3.290377,33.416912,2.863258,3.976513,0.000000,3.442731,6.875956,0.000000
3.319377,33.454525,2.864712,3.980010,0.000000,3.444395,6.879202,0.000000
3.347377,33.491513,2.866152,3.983451,0.000000,3.446019,6.882417,0.000000
3.376377,33.530532,2.867681,3.987083,0.000000,3.447717,6.885831,0.000000
3.405377,33.570277,2.869249,3.990784,0.000000,3.449432,6.889329,0.000000
3.433377,33.609351,2.870800,3.994423,0.000000,3.451105,6.892790,0.000000
3.462377,33.650545,2.872446,3.998263,0.000000,3.452854,6.896462,0.000000
3.490377,33.691019,2.874073,4.002039,0.000000,3.454559,6.900091,0.000000
3.519377,33.733910,2.875813,4.006035,0.000000,3.456350,6.903958,0.000000
3.548377,33.778121,2.877633,4.010141,0.000000,3.458179,6.907963,0.000000
3.576377,33.822165,2.879473,4.014215,0.000000,3.459983,6.911974,0.000000
3.605377,33.869188,2.881463,4.018550,0.000000,3.461890,6.916281,0.000000
3.634377,33.917691,2.883539,4.023014,0.000000,3.463836,6.920750,0.000000
3.662377,33.965879,2.885616,4.027460,0.000000,3.465751,6.925221,0.000000
3.691377,34.017122,2.887832,4.032213,0.000000,3.467765,6.930010,0.000000
3.720377,34.069844,2.890114,4.037137,0.000000,3.469817,6.934973,0.000000
3.748377,34.122330,2.892387,4.042079,0.000000,3.471838,6.939951,0.000000
3.777377,34.179039,2.894836,4.047471,0.000000,3.473997,6.945384,0.000000
3.805377,34.237279,2.897334,4.053078,0.000000,3.476185,6.951039,0.000000
3.834377,34.301862,2.900087,4.059382,0.000000,3.478578,6.957381,0.000000
3.863377,34.370578,2.903020,4.066180,0.000000,3.481085,6.964187,0.000000
3.891377,34.439976,2.906035,4.073120,0.000000,3.483570,6.971092,0.000000
3.920377,34.513056,2.909324,4.080442,0.000000,3.486130,6.978376,0.000000
3.949377,34.585744,2.912745,4.087630,0.000000,3.488612,6.985650,0.000000
3.977377,34.655002,2.916146,4.094304,0.000000,3.490911,6.992657,0.000000
4.006377,34.725603,2.919718,4.100882,0.000000,3.493187,6.999936,0.000000
4.034377,34.792845,2.923200,4.106920,0.000000,3.495290,7.007022,0.000000
4.063377,34.862010,2.926865,4.112907,0.000000,3.497386,7.014473,0.000000
4.092377,34.931262,2.930618,4.118696,0.000000,3.499419,7.022096,0.000000
4.120377,34.998644,2.934354,4.124169,0.000000,3.501344,7.029640,0.000000
4.149377,35.069360,2.938370,4.129790,0.000000,3.503318,7.037637,0.000000
4.178377,35.141454,2.942561,4.135430,0.000000,3.505292,7.045852,0.000000
4.206377,35.212616,2.946792,4.140922,0.000000,3.507206,7.054010,0.000000
4.235377,35.287987,2.951377,4.146666,0.000000,3.509200,7.062698,0.000000
4.264377,35.364982,2.956171,4.152457,0.000000,3.511203,7.071620,0.000000
4.292377,35.440806,2.961003,4.158083,0.000000,3.513145,7.080444,0.000000
4.321377,35.521528,2.966376,4.163962,0.000000,3.515164,7.089830,0.000000
4.349377,35.602028,2.972013,4.169707,0.000000,3.517127,7.099151,0.000000
4.378377,35.687317,2.978142,4.175728,0.000000,3.519179,7.109029,0.000000
4.407377,35.773490,2.984322,4.181815,0.000000,3.521251,7.119072,0.000000
4.435377,35.857210,2.990276,4.187758,0.000000,3.523273,7.128892,0.000000
4.464377,35.944892,2.996559,4.193992,0.000000,3.525394,7.139191,0.000000
4.493377,36.033835,3.003033,4.200314,0.000000,3.527544,7.149623,0.000000
4.521377,36.120943,3.009472,4.206510,0.000000,3.529649,7.159821,0.000000
4.550377,36.212452,3.016340,4.213031,0.000000,3.531865,7.170509,0.000000
4.578377,36.302080,3.023167,4.219437,0.000000,3.534039,7.180948,0.000000
4.607377,36.396620,3.030464,4.226217,0.000000,3.536330,7.191949,0.000000
4.636377,36.494046,3.038067,4.233239,0.000000,3.538676,7.203292,0.000000
4.664377,36.591948,3.045785,4.240348,0.000000,3.541024,7.214679,0.000000
4.693377,36.703322,3.054383,4.248704,0.000000,3.543634,7.227866,0.000000
4.722377,36.822614,3.063572,4.258107,0.000000,3.546442,7.241923,0.000000
4.750377,36.937190,3.072764,4.267558,0.000000,3.549283,7.254899,0.000000
4.779377,37.055031,3.082569,4.277660,0.000000,3.552372,7.267805,0.000000
4.807377,37.168291,3.092313,4.287716,0.000000,3.555529,7.279838,0.000000
4.836377,37.284030,3.102623,4.298346,0.000000,3.558994,7.291743,0.000000
4.865377,37.397130,3.113092,4.309049,0.000000,3.562662,7.302987,0.000000
4.893377,37.504594,3.123566,4.319408,0.000000,3.566550,7.313246,0.000000
4.922377,37.615635,3.135049,4.330180,0.000000,3.571109,7.323380,0.000000
4.951377,37.727198,3.147237,4.341003,0.000000,3.576247,7.333142,0.000000
4.979377,37.836034,3.159749,4.351514,0.000000,3.581813,7.342294,0.000000
5.008377,37.950222,3.173539,4.362449,0.000000,3.588247,7.351540,0.000000
5.037377,38.066497,3.188307,4.373419,0.000000,3.595457,7.360608,0.000000
5.065377,38.181773,3.203759,4.384002,0.000000,3.603345,7.369262,0.000000
5.094377,38.305835,3.221318,4.394977,0.000000,3.612695,7.378228,0.000000
5.122377,38.417149,3.236983,4.405006,0.000000,3.620873,7.386400,0.000000
5.151377,38.520723,3.251122,4.414729,0.000000,3.627919,7.394290,0.000000
5.180377,38.623600,3.265335,4.424395,0.000000,3.635066,7.402100,0.000000
5.208377,38.721222,3.278814,4.433699,0.000000,3.641851,7.409533,0.000000
5.237377,38.820489,3.292460,4.443349,0.000000,3.648724,7.417110,0.000000
5.266377,38.919887,3.306131,4.453164,0.000000,3.655646,7.424673,0.000000
5.294377,39.018699,3.319779,4.463009,0.000000,3.662599,7.432168,0.000000
5.323377,39.123331,3.334236,4.473546,0.000000,3.669977,7.440116,0.000000
5.351377,39.220043,3.347425,4.483590,0.000000,3.676685,7.447490,0.000000
5.380377,39.317483,3.360645,4.494151,0.000000,3.683693,7.454718,0.000000
5.409377,39.410529,3.373102,4.504503,0.000000,3.690210,7.461642,0.000000
5.437377,39.492485,3.383825,4.513723,0.000000,3.695363,7.467991,0.000000
5.466377,39.574352,3.394560,4.522936,0.000000,3.700370,7.474381,0.000000
5.495377,39.654175,3.405089,4.531898,0.000000,3.705158,7.480639,0.000000
5.523377,39.729733,3.415126,4.540351,0.000000,3.709604,7.486592,0.000000
5.552377,39.806496,3.425372,4.548925,0.000000,3.714062,7.492668,0.000000
5.581377,39.881011,3.435353,4.557289,0.000000,3.718404,7.498565,0.000000
5.609377,39.949345,3.444559,4.565071,0.000000,3.722503,7.503919,0.000000
5.638377,40.016640,3.453692,4.572837,0.000000,3.726657,7.509137,0.000000
5.666377,40.079808,3.462296,4.580155,0.000000,3.730592,7.514041,0.000000
5.695377,40.143492,3.470950,4.587546,0.000000,3.734552,7.519028,0.000000
5.724377,40.205175,3.479286,4.594711,0.000000,3.738371,7.523916,0.000000
5.752377,40.262995,3.487046,4.601426,0.000000,3.741972,7.528551,0.000000
5.781377,40.321328,3.494811,4.608194,0.000000,3.745671,7.533279,0.000000
5.810377,40.378357,3.502329,4.614795,0.000000,3.749397,7.537948,0.000000
5.838377,40.432369,3.509372,4.621028,0.000000,3.753077,7.542411,0.000000
5.867377,40.487701,3.516498,4.627399,0.000000,3.757085,7.547003,0.000000
5.895377,40.540831,3.523252,4.633485,0.000000,3.761267,7.551402,0.000000
5.924377,40.594597,3.530032,4.639414,0.000000,3.766115,7.555826,0.000000
5.953377,40.647609,3.536712,4.644933,0.000000,3.771533,7.560173,0.000000
5.981377,40.699395,3.543265,4.650112,0.000000,3.777094,7.564452,0.000000
6.010377,40.753596,3.550208,4.655343,0.000000,3.782916,7.569019,0.000000
6.039377,40.806173,3.557140,4.660249,0.000000,3.787949,7.573671,0.000000
6.067377,40.854753,3.563823,4.664544,0.000000,3.791664,7.578304,0.000000
6.096377,40.900892,3.570321,4.668534,0.000000,3.794593,7.582908,0.000000
6.124377,40.939434,3.575775,4.671970,0.000000,3.796663,7.586835,0.000000
6.153377,40.975945,3.580950,4.675282,0.000000,3.798394,7.590628,0.000000
6.182377,41.011484,3.585996,4.678487,0.000000,3.800017,7.594380,0.000000
6.210377,41.045924,3.590902,4.681541,0.000000,3.801596,7.598068,0.000000
6.239377,41.082087,3.596045,4.684721,0.000000,3.803268,7.601983,0.000000
6.268377,41.120382,3.601323,4.688231,0.000000,3.805087,7.606074,0.000000
6.296377,41.160800,3.606613,4.692204,0.000000,3.807083,7.610265,0.000000
6.325377,41.206301,3.612303,4.696929,0.000000,3.809415,7.614865,0.000000
6.354377,41.255485,3.618214,4.702268,0.000000,3.812022,7.619731,0.000000
6.382377,41.306571,3.624142,4.708019,0.000000,3.814820,7.624695,0.000000
6.411377,41.363237,3.630519,4.714595,0.000000,3.818019,7.630118,0.000000
6.439377,41.421659,3.636921,4.721547,0.000000,3.821412,7.635640,0.000000
6.468377,41.486198,3.643831,4.729386,0.000000,3.825258,7.641679,0.000000
6.497377,41.555001,3.651053,4.737889,0.000000,3.829460,7.648068,0.000000
6.525377,41.626023,3.658373,4.746867,0.000000,3.833889,7.654611,0.000000
6.554377,41.725855,3.667069,4.761672,0.000000,3.839972,7.662816,0.000000
6.583377,41.856906,3.677397,4.782915,0.000000,3.848156,7.672856,0.000000
6.611377,41.994540,3.688743,4.805480,0.000000,3.857479,7.683623,0.000000
6.640377,42.143020,3.701681,4.829890,0.000000,3.868169,7.695618,0.000000
6.668377,42.287402,3.714742,4.853452,0.000000,3.878808,7.707627,0.000000
6.697377,42.435926,3.728525,4.877270,0.000000,3.889837,7.720319,0.000000
6.726377,42.585276,3.742634,4.900707,0.000000,3.901023,7.733387,0.000000
6.754377,42.732374,3.756676,4.923418,0.000000,3.912095,7.746488,0.000000
6.783377,42.888930,3.771731,4.947333,0.000000,3.923905,7.760630,0.000000
6.812377,43.049793,3.787320,4.971667,0.000000,3.936063,7.775372,0.000000
6.840377,43.209239,3.802892,4.995562,0.000000,3.948126,7.790200,0.000000
6.869377,43.379411,3.819610,5.020878,0.000000,3.961008,7.806238,0.000000
6.898377,43.558399,3.837152,5.047594,0.000000,3.974487,7.823235,0.000000
6.926377,43.735611,3.854509,5.074109,0.000000,3.987849,7.840208,0.000000
6.955377,43.913773,3.872123,5.100516,0.000000,4.001536,7.857544,0.000000
6.983377,44.080891,3.888785,5.125074,0.000000,4.014669,7.874037,0.000000
7.012377,44.252730,3.905986,5.150217,0.000000,4.028444,7.891166,0.000000
7.041377,44.434473,3.924452,5.176815,0.000000,4.043592,7.909371,0.000000
7.069377,44.610439,3.942319,5.202555,0.000000,4.058299,7.927146,0.000000
7.098377,44.777987,3.958837,5.227188,0.000000,4.071819,7.944227,0.000000
7.127377,44.936022,3.973940,5.250800,0.000000,4.084369,7.960356,0.000000
7.155377,45.080432,3.987341,5.272703,0.000000,4.095683,7.975127,0.000000
7.184377,45.222199,4.000129,5.294484,0.000000,4.106617,7.989693,0.000000
7.212377,45.351965,4.011542,5.314600,0.000000,4.116427,8.003135,0.000000
7.241377,45.478260,4.022454,5.334236,0.000000,4.125651,8.016420,0.000000
7.270377,45.597203,4.032641,5.352670,0.000000,4.133914,8.029204,0.000000
7.298377,45.709763,4.042261,5.369978,0.000000,4.141363,8.041573,0.000000
7.327377,45.828837,4.052459,5.388120,0.000000,4.148890,8.054946,0.000000
7.356377,45.952522,4.063099,5.406764,0.000000,4.156343,8.069139,0.000000
7.384377,46.077948,4.073957,5.425398,0.000000,4.163594,8.083834,0.000000
7.413377,46.214408,4.085845,5.445347,0.000000,4.171226,8.100137,0.000000
7.441377,46.351034,4.097828,5.465009,0.000000,4.178663,8.116756,0.000000
7.470377,46.492496,4.110340,5.484997,0.000000,4.186233,8.134228,0.000000
7.499377,46.622111,4.121860,5.502839,0.000000,4.193189,8.150509,0.000000
7.527377,46.730961,4.131464,5.517522,0.000000,4.199142,8.164381,0.000000
7.556377,46.831606,4.140190,5.531174,0.000000,4.204735,8.177182,0.000000
7.585377,46.925087,4.148142,5.544046,0.000000,4.209963,8.189003,0.000000
7.613377,47.011145,4.155331,5.556029,0.000000,4.214773,8.199897,0.000000
7.642377,47.096188,4.162318,5.567987,0.000000,4.219525,8.210682,0.000000
7.671377,47.177489,4.168902,5.579514,0.000000,4.224060,8.221014,0.000000
7.699377,47.252697,4.174921,5.590250,0.000000,4.228239,8.230598,0.000000
7.728377,47.327459,4.180852,5.600981,0.000000,4.232371,8.240156,0.000000
7.756377,47.396661,4.186305,5.610959,0.000000,4.236171,8.249038,0.000000
7.785377,47.465072,4.191659,5.620864,0.000000,4.239898,8.257856,0.000000
7.814377,47.530018,4.196710,5.630305,0.000000,4.243403,8.266270,0.000000
7.842377,47.589182,4.201284,5.638938,0.000000,4.246562,8.273979,0.000000
7.871377,47.646384,4.205682,5.647304,0.000000,4.249580,8.281489,0.000000
7.900377,47.698744,4.209696,5.654947,0.000000,4.252311,8.288440,0.000000
7.928377,47.743824,4.213157,5.661486,0.000000,4.254622,8.294523,0.000000
7.957377,47.785352,4.216357,5.667466,0.000000,4.256691,8.300233,0.000000
7.985377,47.821248,4.219135,5.672601,0.000000,4.258418,8.305253,0.000000
8.014377,47.853887,4.221679,5.677239,0.000000,4.259928,8.309897,0.000000
8.043377,47.881726,4.223876,5.681167,0.000000,4.261153,8.313930,0.000000
8.071377,47.902351,4.225551,5.684045,0.000000,4.262039,8.316947,0.000000
8.100377,47.915960,4.226738,5.685894,0.000000,4.262647,8.318925,0.000000
8.129377,47.923637,4.227511,5.686872,0.000000,4.263005,8.320040,0.000000
8.157377,47.928058,4.228049,5.687368,0.000000,4.263200,8.320712,0.000000
8.186377,47.931419,4.228515,5.687700,0.000000,4.263329,8.321256,0.000000
8.215377,47.934326,4.228936,5.687974,0.000000,4.263433,8.321738,0.000000
8.243377,47.936885,4.229308,5.688213,0.000000,4.263523,8.322163,0.000000
8.272377,47.939306,4.229660,5.688440,0.000000,4.263608,8.322565,0.000000
8.300377,47.941432,4.229969,5.688639,0.000000,4.263682,8.322919,0.000000
8.329377,47.943427,4.230259,5.688826,0.000000,4.263753,8.323250,0.000000
8.358377,47.945224,4.230521,5.688994,0.000000,4.263816,8.323548,0.000000
8.386377,47.946778,4.230747,5.689139,0.000000,4.263870,8.323807,0.000000
8.415377,47.948210,4.230955,5.689273,0.000000,4.263921,8.324044,0.000000
8.444377,47.949475,4.231139,5.689392,0.000000,4.263965,8.324255,0.000000
8.472377,47.950546,4.231295,5.689492,0.000000,4.264003,8.324432,0.000000
8.501377,47.951509,4.231435,5.689582,0.000000,4.264037,8.324592,0.000000
8.529377,47.952307,4.231551,5.689657,0.000000,4.264065,8.324725,0.000000
8.558377,47.953009,4.231653,5.689722,0.000000,4.264090,8.324842,0.000000
8.587377,47.953595,4.231738,5.689777,0.000000,4.264110,8.324939,0.000000
8.615377,47.954060,4.231806,5.689821,0.000000,4.264127,8.325016,0.000000
8.644377,47.954448,4.231862,5.689857,0.000000,4.264140,8.325081,0.000000
8.673377,47.954751,4.231906,5.689885,0.000000,4.264151,8.325131,0.000000
8.701377,47.954972,4.231938,5.689906,0.000000,4.264159,8.325168,0.000000
8.730377,47.955138,4.231962,5.689921,0.000000,4.264164,8.325195,0.000000
8.758377,47.955247,4.231978,5.689932,0.000000,4.264168,8.325213,0.000000
8.787377,47.955317,4.231988,5.689938,0.000000,4.264171,8.325225,0.000000
8.816377,47.955354,4.231994,5.689942,0.000000,4.264172,8.325231,0.000000
8.844377,47.955369,4.231996,5.689943,0.000000,4.264173,8.325234,0.000000
8.873377,47.955372,4.231996,5.689943,0.000000,4.264173,8.325234,0.000000
8.902377,47.955372,4.231996,5.689943,0.000000,4.264173,8.325234,0.000000
8.930377,47.955372,4.231996,5.689943,0.000000,4.264173,8.325234,0.000000
8.959377,47.955372,4.231996,5.689943,0.000000,4.264173,8.325234,0.000000
8.988377,47.955372,4.231996,5.689943,0.000000,4.264173,8.325234,0.000000
9.016377,47.955372,4.231996,5.689943,0.000000,4.264173,8.325234,0.000000
9.045377,47.955372,4.231996,5.689943,0.000000,4.264173,8.325234,0.000000
9.073377,47.955372,4.231996,5.689943,0.000000,4.264173,8.325234,0.000000
9.102377,47.955372,4.231996,5.689943,0.000000,4.264173,8.325234,0.000000
9.131377,47.955372,4.231996,5.689943,0.000000,4.264173,8.325234,0.000000
9.159377,47.955372,4.231996,5.689943,0.000000,4.264173,8.325234,0.000000
9.188377,47.955372,4.231996,5.689943,0.000000,4.264173,8.325234,0.000000
9.217377,47.955372,4.231996,5.689943,0.000000,4.264173,8.325234,0.000000
9.245377,47.955372,4.231996,5.689943,0.000000,4.264173,8.325234,0.000000
9.274377,47.955372,4.231996,5.689943,0.000000,4.264173,8.325234,0.000000
9.302377,47.955372,4.231996,5.689943,0.000000,4.264173,8.325234,0.000000
9.331377,47.955372,4.231996,5.689943,0.000000,4.264173,8.325234,0.000000
9.360377,47.955372,4.231996,5.689943,0.000000,4.264173,8.325234,0.000000
9.388377,47.955372,4.231996,5.689943,0.000000,4.264173,8.325234,0.000000
9.417377,47.955372,4.231996,5.689943,0.000000,4.264173,8.325234,0.000000
9.446377,47.955372,4.231996,5.689943,0.000000,4.264173,8.325234,0.000000
9.474377,47.955372,4.231996,5.689943,0.000000,4.264173,8.325234,0.000000
9.503377,47.955372,4.231996,5.689943,0.000000,4.264173,8.325234,0.000000
9.532377,47.955372,4.231996,5.689943,0.000000,4.264173,8.325234,0.000000
9.560377,47.955372,4.231996,5.689943,0.000000,4.264173,8.325234,0.000000
9.589377,47.955372,4.231996,5.689943,0.000000,4.264173,8.325234,0.000000
9.617377,47.955372,4.231996,5.689943,0.000000,4.264173,8.325234,0.000000
9.646377,47.955372,4.231996,5.689943,0.000000,4.264173,8.325234,0.000000
9.675377,47.955372,4.231996,5.689943,0.000000,4.264173,8.325234,0.000000
9.703377,47.955372,4.231996,5.689943,0.000000,4.264173,8.325234,0.000000
9.732377,47.955372,4.231996,5.689943,0.000000,4.264173,8.325234,0.000000
9.761377,47.955372,4.231996,5.689943,0.000000,4.264173,8.325234,0.000000
9.789377,47.955372,4.231996,5.689943,0.000000,4.264173,8.325234,0.000000
9.818377,47.955372,4.231996,5.689943,0.000000,4.264173,8.325234,0.000000
9.846377,47.955372,4.231996,5.689943,0.000000,4.264173,8.325234,0.000000
9.875377,47.955372,4.231996,5.689943,0.000000,4.264173,8.325234,0.000000
9.904377,47.955372,4.231996,5.689943,0.000000,4.264173,8.325234,0.000000
9.932377,47.955372,4.231996,5.689943,0.000000,4.264173,8.325234,0.000000
9.961377,47.955372,4.231996,5.689943,0.000000,4.264173,8.325234,0.000000
9.990377,47.955372,4.231996,5.689943,0.000000,4.264173,8.325234,0.000000
10.018377,47.955372,4.231996,5.689943,0.000000,4.264173,8.325234,0.000000
10.047377,47.955372,4.231996,5.689943,0.000000,4.264173,8.325234,0.000000
10.075377,47.955372,4.231996,5.689943,0.000000,4.264173,8.325234,0.000000
10.104377,47.955372,4.231996,5.689943,0.000000,4.264173,8.325234,0.000000
10.133377,47.955372,4.231996,5.689943,0.000000,4.264173,8.325234,0.000000
10.161377,47.955372,4.231996,5.689943,0.000000,4.264173,8.325234,0.000000
10.190377,47.955372,4.231996,5.689943,0.000000,4.264173,8.325234,0.000000
10.219377,47.955372,4.231996,5.689943,0.000000,4.264173,8.325234,0.000000
10.247377,47.955372,4.231996,5.689943,0.000000,4.264173,8.325234,0.000000
10.276377,47.955372,4.231996,5.689943,0.000000,4.264173,8.325234,0.000000
10.305377,47.955372,4.231996,5.689943,0.000000,4.264173,8.325234,0.000000
10.333377,47.955372,4.231996,5.689943,0.000000,4.264173,8.325234,0.000000
10.362377,47.955372,4.231996,5.689943,0.000000,4.264173,8.325234,0.000000
10.390377,47.955372,4.231996,5.689943,0.000000,4.264173,8.325234,0.000000
10.419377,47.955372,4.231996,5.689943,0.000000,4.264173,8.325234,0.000000
10.448377,47.955372,4.231996,5.689943,0.000000,4.264173,8.325234,0.000000
10.476377,47.955372,4.231996,5.689943,0.000000,4.264173,8.325234,0.000000
10.505377,47.955372,4.231996,5.689943,0.000000,4.264173,8.325234,0.000000
10.534377,47.955372,4.231996,5.689943,0.000000,4.264173,8.325234,0.000000
10.562377,47.955372,4.231996,5.689943,0.000000,4.264173,8.325234,0.000000
10.591377,47.955372,4.231996,5.689943,0.000000,4.264173,8.325234,0.000000
10.619377,47.955372,4.231996,5.689943,0.000000,4.264173,8.325234,0.000000
10.648377,47.955372,4.231996,5.689943,0.000000,4.264173,8.325234,0.000000
10.677377,47.955372,4.231996,5.689943,0.000000,4.264173,8.325234,0.000000
10.705377,47.955372,4.231996,5.689943,0.000000,4.264173,8.325234,0.000000
10.734377,47.955372,4.231996,5.689943,0.000000,4.264173,8.325234,0.000000
10.763377,47.955372,4.231996,5.689943,0.000000,4.264173,8.325234,0.000000
10.791377,47.955372,4.231996,5.689943,0.000000,4.264173,8.325234,0.000000
10.820377,47.955372,4.231996,5.689943,0.000000,4.264173,8.325234,0.000000
10.848377,47.955372,4.231996,5.689943,0.000000,4.264173,8.325234,0.000000
10.877377,47.955372,4.231996,5.689943,0.000000,4.264173,8.325234,0.000000
